{"(0.3316025513815882, 0.5495964736945487, 0.7165281431830803)": [0.7917909421867082, -0.5820914717136634, -0.02538226980821346], "(0.5956984544973465, 0.3282413295063173, 0.26683722468348964)": [0.7759401116283466, -0.5365694521095178, -0.04276249290627439], "(0.7609477485325852, 0.6568761716608732, 0.4922368658871727)": [0.6048209541942924, -0.5710020168909672, 0.014984673589053685], "(0.1946004313511343, 0.35595979590902255, 0.5345524380587403)": [0.7510825168606694, -0.46936883551049496, -0.03664467800425414], "(0.6555161632187051, 0.49153436303107095, 0.18112663201110968)": [0.7436025484062481, -0.5518787631717319, -0.055460445811106096], "(0.8669653734346664, 0.7690907859244901, 0.4028425119284752)": [0.5846328404666128, -0.6408946679559228, 0.036486059497670545], "(0.505064119758915, 0.1231306468325225, 0.09858028895029534)": [0.7644321338715105, -0.5859437953786207, -0.05194997845555929], "(0.8673910585635684, 0.33277353783565516, 0.14063363966448844)": [0.8483252608410634, -0.566099922464588, -0.04695023698896638], "(0.9481980788905039, 0.9390296137047289, 0.9118925877772045)": [0.8177024747753348, -0.0013735137659514618, -0.012574815841177714], "(0.5085757801125069, 0.5564257311402808, 0.5658648561751507)": [0.8143710027022661, -0.5004960956368054, -0.0046574612795097815], "(0.5790064913628488, 0.6727787820863542, 0.722708446407319)": [0.8622443277320209, -0.39854079376371054, -0.04352690772238006], "(0.8353050154849436, 0.5628466836544361, 0.4898283222742618)": [0.9746819082395028, -0.42808857443157283, -0.09958664141514614], "(0.8198221351963263, 0.632062373067162, 0.1783976908487406)": [0.7115149852096888, -0.5547486510660424, -0.05721721716747424], "(0.7542951226438659, 0.6866979066150064, 0.5895850211818111)": [0.5177531679123961, -0.5662472178894136, -0.07554334286286765], "(0.9025933076093093, 0.8524574615002372, 0.7683744890904614)": [0.6932226998027864, -0.26397557974865027, -0.13728777635677994], "(0.47970397162849854, 0.4164920672036911, 0.3338484837226365)": [0.7130158423457613, -0.5005662664677843, -0.05104564793199096], "(0.3768964704518564, 0.45443455753060125, 0.23481061946292664)": [0.8167336983294985, -0.5072609336833858, 0.013163859542274323], "(0.47190871650556476, 0.3646768224067095, 0.2571365647494318)": [0.7343715173166216, -0.7239773536278644, -0.07913090834869811]}