{"ALPHA BLUE": [0.7917909421867082, -0.5820914717136634, -0.02538226980821346], "AMERICAN ROAST": [0.7759401116283466, -0.5365694521095178, -0.04276249290627439], "ANTIQUITY": [0.6048209541942924, -0.5710020168909672, 0.014984673589053685], "AWARD BLUE": [0.7510825168606694, -0.46936883551049496, -0.03664467800425414], "CHAI TEA": [0.7436025484062481, -0.5518787631717319, -0.055460445811106096], "CRUSADE KING": [0.5846328404666128, -0.6408946679559228, 0.036486059497670545], "FALU RED": [0.7644321338715105, -0.5859437953786207, -0.05194997845555929], "FIREBIRD TAIL LIGHTS": [0.8483252608410634, -0.566099922464588, -0.04695023698896638], "FUJI SNOW": [0.8177024747753348, -0.0013735137659514618, -0.012574815841177714], "NECRON COMPOUND": [0.8143710027022661, -0.5004960956368054, -0.0046574612795097815], "NEPAL": [0.8622443277320209, -0.39854079376371054, -0.04352690772238006], "ORANGE ESSENTIAL": [0.9746819082395028, -0.42808857443157283, -0.09958664141514614], "PITMASTON PEAR YELLOW": [0.7115149852096888, -0.5547486510660424, -0.05721721716747424], "RIVIERA BEACH": [0.5177531679123961, -0.5662472178894136, -0.07554334286286765], "SEED PEARL": [0.6932226998027864, -0.26397557974865027, -0.13728777635677994], "SUPERIOR BRONZE": [0.7130158423457613, -0.5005662664677843, -0.05104564793199096], "VENOM WYRM": [0.8167336983294985, -0.5072609336833858, 0.013163859542274323], "WOODEN CABIN": [0.7343715173166216, -0.7239773536278644, -0.07913090834869811]}