{"(0.3316025513815882, 0.5495964736945487, 0.7165281431830803)": [7.587605953216553, 5.069182872772217, 6.185545921325684], "(0.5956984544973465, 0.3282413295063173, 0.26683722468348964)": [7.27321195602417, 5.515470504760742, 6.236726760864258], "(0.7609477485325852, 0.6568761716608732, 0.4922368658871727)": [7.292755603790283, 5.352951526641846, 6.162938117980957], "(0.1946004313511343, 0.35595979590902255, 0.5345524380587403)": [3.988614559173584, 2.9221787452697754, 6.8414626121521], "(0.6555161632187051, 0.49153436303107095, 0.18112663201110968)": [4.061831474304199, 2.892150402069092, 6.671655178070068], "(0.8669653734346664, 0.7690907859244901, 0.4028425119284752)": [7.622973918914795, 4.765774726867676, 6.18203592300415], "(0.505064119758915, 0.1231306468325225, 0.09858028895029534)": [7.536646842956543, 5.264538288116455, 6.3590216636657715], "(0.8673910585635684, 0.33277353783565516, 0.14063363966448844)": [4.859114646911621, 5.208763599395752, 8.279263496398926], "(0.9481980788905039, 0.9390296137047289, 0.9118925877772045)": [5.479433059692383, 5.581069469451904, 8.028044700622559], "(0.5085757801125069, 0.5564257311402808, 0.5658648561751507)": [6.605329990386963, 5.828859806060791, 7.5339860916137695], "(0.5790064913628488, 0.6727787820863542, 0.722708446407319)": [4.080532550811768, 2.872361421585083, 6.948203086853027], "(0.8353050154849436, 0.5628466836544361, 0.4898283222742618)": [6.3466596603393555, 5.7968950271606445, 7.606039524078369], "(0.8198221351963263, 0.632062373067162, 0.1783976908487406)": [3.9001753330230713, 2.938764810562134, 6.9163618087768555], "(0.7542951226438659, 0.6866979066150064, 0.5895850211818111)": [4.1021575927734375, 2.7091705799102783, 6.736330986022949], "(0.9025933076093093, 0.8524574615002372, 0.7683744890904614)": [6.142312526702881, 5.781514644622803, 7.59767484664917], "(0.47970397162849854, 0.4164920672036911, 0.3338484837226365)": [6.037893295288086, 6.318836688995361, 7.010265827178955], "(0.3768964704518564, 0.45443455753060125, 0.23481061946292664)": [7.690268516540527, 4.205262660980225, 6.127166271209717], "(0.47190871650556476, 0.3646768224067095, 0.2571365647494318)": [7.758360862731934, 4.503632545471191, 6.03742790222168]}