{"ALPHA BLUE": [7.587605953216553, 5.069182872772217, 6.185545921325684], "AMERICAN ROAST": [7.27321195602417, 5.515470504760742, 6.236726760864258], "ANTIQUITY": [7.292755603790283, 5.352951526641846, 6.162938117980957], "AWARD BLUE": [3.988614559173584, 2.9221787452697754, 6.8414626121521], "CHAI TEA": [4.061831474304199, 2.892150402069092, 6.671655178070068], "CRUSADE KING": [7.622973918914795, 4.765774726867676, 6.18203592300415], "FALU RED": [7.536646842956543, 5.264538288116455, 6.3590216636657715], "FIREBIRD TAIL LIGHTS": [4.859114646911621, 5.208763599395752, 8.279263496398926], "FUJI SNOW": [5.479433059692383, 5.581069469451904, 8.028044700622559], "NECRON COMPOUND": [6.605329990386963, 5.828859806060791, 7.5339860916137695], "NEPAL": [4.080532550811768, 2.872361421585083, 6.948203086853027], "ORANGE ESSENTIAL": [6.3466596603393555, 5.7968950271606445, 7.606039524078369], "PITMASTON PEAR YELLOW": [3.9001753330230713, 2.938764810562134, 6.9163618087768555], "RIVIERA BEACH": [4.1021575927734375, 2.7091705799102783, 6.736330986022949], "SEED PEARL": [6.142312526702881, 5.781514644622803, 7.59767484664917], "SUPERIOR BRONZE": [6.037893295288086, 6.318836688995361, 7.010265827178955], "VENOM WYRM": [7.690268516540527, 4.205262660980225, 6.127166271209717], "WOODEN CABIN": [7.758360862731934, 4.503632545471191, 6.03742790222168]}